{"cameraMode":{"drawMode":0,"name":"Shaded","section":"Shading Mode"},"sceneLighting":true,"audioPlay":false,"sceneViewState":{"m_AlwaysRefresh":false,"showFog":true,"showSkybox":true,"showFlares":true,"showImageEffects":true,"showParticleSystems":true,"showVisualEffectGraphs":true,"m_FxEnabled":true},"in2DMode":false,"pivot":{"x":-2.9748289585113527,"y":1.399999976158142,"z":-0.07343852519989014},"rotation":{"x":-0.16006918251514436,"y":0.024277692660689355,"z":-0.003938066773116589,"w":-0.986799955368042},"size":2.7609567642211916,"orthographic":false}