{"cameraMode":{"drawMode":0,"name":"Shaded","section":"Shading Mode"},"sceneLighting":true,"audioPlay":false,"sceneViewState":{"m_AlwaysRefresh":false,"showFog":true,"showSkybox":true,"showFlares":true,"showImageEffects":true,"showParticleSystems":true,"showVisualEffectGraphs":true,"m_FxEnabled":true},"in2DMode":false,"pivot":{"x":3.1076507568359377,"y":15.161012649536133,"z":-28.928375244140626},"rotation":{"x":-0.015055526979267598,"y":-0.9849538207054138,"z":0.12146412581205368,"w":-0.12206745892763138},"size":12.915834426879883,"orthographic":true}