{"cameraMode":{"drawMode":0,"name":"Shaded","section":"Shading Mode"},"sceneLighting":true,"audioPlay":false,"sceneViewState":{"m_AlwaysRefresh":false,"showFog":true,"showSkybox":true,"showFlares":true,"showImageEffects":true,"showParticleSystems":true,"showVisualEffectGraphs":true,"m_FxEnabled":true},"in2DMode":false,"pivot":{"x":-40.478153228759769,"y":23.819398880004884,"z":-70.9360122680664},"rotation":{"x":0.10767067968845368,"y":0.43398135900497439,"z":-0.05232921242713928,"w":0.8929412961006165},"size":22.32592010498047,"orthographic":true}