{"cameraMode":{"drawMode":0,"name":"Shaded","section":"Shading Mode"},"sceneLighting":true,"audioPlay":false,"sceneViewState":{"m_AlwaysRefresh":false,"showFog":true,"showSkybox":true,"showFlares":true,"showImageEffects":true,"showParticleSystems":true,"showVisualEffectGraphs":true,"m_FxEnabled":true},"in2DMode":false,"pivot":{"x":3.1784372329711916,"y":13.120828628540039,"z":-6.827919006347656},"rotation":{"x":0.04616536945104599,"y":0.020673444494605066,"z":0.0010411158436909319,"w":-0.9988312125205994},"size":13.977818489074707,"orthographic":false}