{"cameraMode":{"drawMode":0,"name":"Shaded","section":"Shading Mode"},"sceneLighting":true,"audioPlay":false,"sceneViewState":{"m_AlwaysRefresh":false,"showFog":true,"showSkybox":true,"showFlares":true,"showImageEffects":true,"showParticleSystems":true,"showVisualEffectGraphs":true,"m_FxEnabled":true},"in2DMode":false,"pivot":{"x":0.046051740646362308,"y":5.950370788574219,"z":-55.0905647277832},"rotation":{"x":-0.027013108134269716,"y":0.8945826292037964,"z":-0.05454133823513985,"w":-0.44279974699020388},"size":6.411113739013672,"orthographic":true}