{"cameraMode":{"drawMode":0,"name":"Shaded","section":"Shading Mode"},"sceneLighting":false,"audioPlay":false,"sceneViewState":{"m_AlwaysRefresh":false,"showFog":true,"showSkybox":false,"showFlares":true,"showImageEffects":true,"showParticleSystems":true,"showVisualEffectGraphs":true,"m_FxEnabled":true},"in2DMode":false,"pivot":{"x":-1.1102244853973389,"y":-0.9730812311172485,"z":-35.53340530395508},"rotation":{"x":-0.12877902388572694,"y":0.05114360153675079,"z":-0.006651108153164387,"w":-0.9903407096862793},"size":1.2000236511230469,"orthographic":false}