{"cameraMode":{"drawMode":0,"name":"Shaded","section":"Shading Mode"},"sceneLighting":false,"audioPlay":false,"sceneViewState":{"m_AlwaysRefresh":false,"showFog":true,"showSkybox":false,"showFlares":true,"showImageEffects":true,"showParticleSystems":true,"showVisualEffectGraphs":true,"m_FxEnabled":true},"in2DMode":false,"pivot":{"x":-3.8048784732818605,"y":9.104772567749024,"z":21.737890243530275},"rotation":{"x":-0.2641320526599884,"y":-0.006657574791461229,"z":0.0018234786111861468,"w":-0.9644632935523987},"size":1.3090147972106934,"orthographic":false}